,PC1,PC2
prob_h_3,-0.5316688644360179,0.373544215899486
h3_driftP,0.6400497347070286,-0.14185091283941553
h3_sh_suit,0.1679312104941454,0.8763312877557149
h3_desicR,-0.5286432296291593,-0.2690474147712123
